status,title,normalized_title,doi,openalex_id,arxiv_id,published_date,criteria_hash,source,updated_at,round
include,A Temporal Extension of Latent Dirichlet Allocation for Unsupervised Acoustic Unit Discovery,atemporalextensionoflatentdirichletallocationforunsupervisedacousticunitdiscovery,10.48550/arxiv.2206.11706,,2206.11706,2022-06-23,d3cde4fb3f0f0914b2aec218448cb1734f7532db1a8791a8d569e62d8a96e1b8,base_review,2026-01-02T11:32:21.702033+00:00,0
include,JukeDrummer: Conditional Beat-aware Audio-domain Drum Accompaniment Generation via Transformer VQ-VAE,jukedrummer:conditionalbeat-awareaudio-domaindrumaccompanimentgenerationviatransformervq-vae,10.48550/arxiv.2210.06007,,2210.06007,2022-10-12,d3cde4fb3f0f0914b2aec218448cb1734f7532db1a8791a8d569e62d8a96e1b8,base_review,2026-01-02T11:32:21.702033+00:00,0
include,BEATs: Audio Pre-Training with Acoustic Tokenizers,beats:audiopre-trainingwithacoustictokenizers,10.48550/arxiv.2212.09058,,2212.09058,2022-12-18,d3cde4fb3f0f0914b2aec218448cb1734f7532db1a8791a8d569e62d8a96e1b8,base_review,2026-01-02T11:32:21.702033+00:00,0
include,FoundationTTS: Text-to-Speech for ASR Customization with Generative Language Model,foundationtts:text-to-speechforasrcustomizationwithgenerativelanguagemodel,10.48550/arxiv.2303.02939,,2303.02939,2023-03-06,d3cde4fb3f0f0914b2aec218448cb1734f7532db1a8791a8d569e62d8a96e1b8,base_review,2026-01-02T11:32:21.702033+00:00,0
include,Pac-HuBERT: Self-Supervised Music Source Separation via Primitive Auditory Clustering and Hidden-Unit BERT,pac-hubert:self-supervisedmusicsourceseparationviaprimitiveauditoryclusteringandhidden-unitbert,10.48550/arxiv.2304.02160,,2304.02160,2023-04-04,d3cde4fb3f0f0914b2aec218448cb1734f7532db1a8791a8d569e62d8a96e1b8,base_review,2026-01-02T11:32:21.702033+00:00,0
include,Wav2code: Restore Clean Speech Representations via Codebook Lookup for Noise-Robust ASR,wav2code:restorecleanspeechrepresentationsviacodebooklookupfornoise-robustasr,10.48550/arxiv.2304.04974,,2304.04974,2023-04-11,d3cde4fb3f0f0914b2aec218448cb1734f7532db1a8791a8d569e62d8a96e1b8,base_review,2026-01-02T11:32:21.702033+00:00,0
include,UniCATS: A Unified Context-Aware Text-to-Speech Framework with Contextual VQ-Diffusion and Vocoding,unicats:aunifiedcontext-awaretext-to-speechframeworkwithcontextualvq-diffusionandvocoding,10.1609/aaai.v38i16.29747,,2306.07547,2023-06-13,d3cde4fb3f0f0914b2aec218448cb1734f7532db1a8791a8d569e62d8a96e1b8,base_review,2026-01-02T11:32:21.702033+00:00,0
include,Pushing the Limits of Unsupervised Unit Discovery for SSL Speech Representation,pushingthelimitsofunsupervisedunitdiscoveryforsslspeechrepresentation,10.48550/arxiv.2306.08920,,2306.08920,2023-06-15,d3cde4fb3f0f0914b2aec218448cb1734f7532db1a8791a8d569e62d8a96e1b8,base_review,2026-01-02T11:32:21.702033+00:00,0
include,LM-VC: Zero-shot Voice Conversion via Speech Generation based on Language Models,lm-vc:zero-shotvoiceconversionviaspeechgenerationbasedonlanguagemodels,10.48550/arxiv.2306.10521,,2306.10521,2023-06-18,d3cde4fb3f0f0914b2aec218448cb1734f7532db1a8791a8d569e62d8a96e1b8,base_review,2026-01-02T11:32:21.702033+00:00,0
include,VampNet: Music Generation via Masked Acoustic Token Modeling,vampnet:musicgenerationviamaskedacoustictokenmodeling,10.48550/arxiv.2307.04686,,2307.04686,2023-07-10,d3cde4fb3f0f0914b2aec218448cb1734f7532db1a8791a8d569e62d8a96e1b8,base_review,2026-01-02T11:32:21.702033+00:00,0
include,SpeechTokenizer: Unified Speech Tokenizer for Speech Large Language Models,speechtokenizer:unifiedspeechtokenizerforspeechlargelanguagemodels,10.48550/arxiv.2308.16692,,2308.16692,2023-08-31,d3cde4fb3f0f0914b2aec218448cb1734f7532db1a8791a8d569e62d8a96e1b8,base_review,2026-01-02T11:32:21.702033+00:00,0
include,QS-TTS: Towards Semi-Supervised Text-to-Speech Synthesis via Vector-Quantized Self-Supervised Speech Representation Learning,qs-tts:towardssemi-supervisedtext-to-speechsynthesisviavector-quantizedself-supervisedspeechrepresentationlearning,10.48550/arxiv.2309.00126,,2309.00126,2023-08-31,d3cde4fb3f0f0914b2aec218448cb1734f7532db1a8791a8d569e62d8a96e1b8,base_review,2026-01-02T11:32:21.702033+00:00,0
include,RepCodec: A Speech Representation Codec for Speech Tokenization,repcodec:aspeechrepresentationcodecforspeechtokenization,10.48550/arxiv.2309.00169,,2309.00169,2023-08-31,d3cde4fb3f0f0914b2aec218448cb1734f7532db1a8791a8d569e62d8a96e1b8,base_review,2026-01-02T11:32:21.702033+00:00,0
include,Voxtlm: unified decoder-only models for consolidating speech recognition/synthesis and speech/text continuation tasks,voxtlm:unifieddecoder-onlymodelsforconsolidatingspeechrecognition/synthesisandspeech/textcontinuationtasks,10.48550/arxiv.2309.07937,,2309.07937,2023-09-14,d3cde4fb3f0f0914b2aec218448cb1734f7532db1a8791a8d569e62d8a96e1b8,base_review,2026-01-02T11:32:21.702033+00:00,0
include,Improving Language Model-Based Zero-Shot Text-to-Speech Synthesis with Multi-Scale Acoustic Prompts,improvinglanguagemodel-basedzero-shottext-to-speechsynthesiswithmulti-scaleacousticprompts,10.48550/arxiv.2309.11977,,2309.11977,2023-09-21,d3cde4fb3f0f0914b2aec218448cb1734f7532db1a8791a8d569e62d8a96e1b8,base_review,2026-01-02T11:32:21.702033+00:00,0
include,Acoustic BPE for Speech Generation with Discrete Tokens,acousticbpeforspeechgenerationwithdiscretetokens,10.48550/arxiv.2310.14580,,2310.14580,2023-10-23,d3cde4fb3f0f0914b2aec218448cb1734f7532db1a8791a8d569e62d8a96e1b8,base_review,2026-01-02T11:32:21.702033+00:00,0
include,Transduce and Speak: Neural Transducer for Text-to-Speech with Semantic Token Prediction,transduceandspeak:neuraltransducerfortext-to-speechwithsemantictokenprediction,10.48550/arxiv.2311.02898,,2311.02898,2023-11-06,d3cde4fb3f0f0914b2aec218448cb1734f7532db1a8791a8d569e62d8a96e1b8,base_review,2026-01-02T11:32:21.702033+00:00,0
include,Utilizing Neural Transducers for Two-Stage Text-to-Speech via Semantic Token Prediction,utilizingneuraltransducersfortwo-stagetext-to-speechviasemantictokenprediction,10.48550/arxiv.2401.01498,,2401.01498,2024-01-03,d3cde4fb3f0f0914b2aec218448cb1734f7532db1a8791a8d569e62d8a96e1b8,base_review,2026-01-02T11:32:21.702033+00:00,0
include,Evaluating Text-to-Speech Synthesis from a Large Discrete Token-based Speech Language Model,evaluatingtext-to-speechsynthesisfromalargediscretetoken-basedspeechlanguagemodel,10.48550/arxiv.2405.09768,,2405.09768,2024-05-16,d3cde4fb3f0f0914b2aec218448cb1734f7532db1a8791a8d569e62d8a96e1b8,base_review,2026-01-02T11:32:21.702033+00:00,0
include,How Should We Extract Discrete Audio Tokens from Self-Supervised Models?,howshouldweextractdiscreteaudiotokensfromself-supervisedmodels?,10.48550/arxiv.2406.10735,,2406.10735,2024-06-15,d3cde4fb3f0f0914b2aec218448cb1734f7532db1a8791a8d569e62d8a96e1b8,base_review,2026-01-02T11:32:21.702033+00:00,0
include,NAST: Noise Aware Speech Tokenization for Speech Language Models,nast:noiseawarespeechtokenizationforspeechlanguagemodels,10.48550/arxiv.2406.11037,,2406.11037,2024-06-16,d3cde4fb3f0f0914b2aec218448cb1734f7532db1a8791a8d569e62d8a96e1b8,base_review,2026-01-02T11:32:21.702033+00:00,0
include,Children's Speech Recognition through Discrete Token Enhancement,children'sspeechrecognitionthroughdiscretetokenenhancement,10.48550/arxiv.2406.13431,,2406.13431,2024-06-19,d3cde4fb3f0f0914b2aec218448cb1734f7532db1a8791a8d569e62d8a96e1b8,base_review,2026-01-02T11:32:21.702033+00:00,0
include,High Fidelity Text-to-Speech Via Discrete Tokens Using Token Transducer and Group Masked Language Model,highfidelitytext-to-speechviadiscretetokensusingtokentransducerandgroupmaskedlanguagemodel,10.48550/arxiv.2406.17310,,2406.17310,2024-06-25,d3cde4fb3f0f0914b2aec218448cb1734f7532db1a8791a8d569e62d8a96e1b8,base_review,2026-01-02T11:32:21.702033+00:00,0
include,On the Effectiveness of Acoustic BPE in Decoder-Only TTS,ontheeffectivenessofacousticbpeindecoder-onlytts,10.48550/arxiv.2407.03892,,2407.03892,2024-07-04,d3cde4fb3f0f0914b2aec218448cb1734f7532db1a8791a8d569e62d8a96e1b8,base_review,2026-01-02T11:32:21.702033+00:00,0
include,CosyVoice: A Scalable Multilingual Zero-shot Text-to-speech Synthesizer based on Supervised Semantic Tokens,cosyvoice:ascalablemultilingualzero-shottext-to-speechsynthesizerbasedonsupervisedsemantictokens,10.48550/arxiv.2407.05407,,2407.05407,2024-07-07,d3cde4fb3f0f0914b2aec218448cb1734f7532db1a8791a8d569e62d8a96e1b8,base_review,2026-01-02T11:32:21.702033+00:00,0
include,dMel: Speech Tokenization made Simple,dmel:speechtokenizationmadesimple,10.48550/arxiv.2407.15835,,2407.15835,2024-07-22,d3cde4fb3f0f0914b2aec218448cb1734f7532db1a8791a8d569e62d8a96e1b8,base_review,2026-01-02T11:32:21.702033+00:00,0
include,MaskGCT: Zero-Shot Text-to-Speech with Masked Generative Codec Transformer,maskgct:zero-shottext-to-speechwithmaskedgenerativecodectransformer,10.48550/arxiv.2409.00750,,2409.00750,2024-09-01,d3cde4fb3f0f0914b2aec218448cb1734f7532db1a8791a8d569e62d8a96e1b8,base_review,2026-01-02T11:32:21.702033+00:00,0
include,LAST: Language Model Aware Speech Tokenization,last:languagemodelawarespeechtokenization,10.48550/arxiv.2409.03701,,2409.03701,2024-09-05,d3cde4fb3f0f0914b2aec218448cb1734f7532db1a8791a8d569e62d8a96e1b8,base_review,2026-01-02T11:32:21.702033+00:00,0
include,Disentangling the Prosody and Semantic Information with Pre-trained Model for In-Context Learning based Zero-Shot Voice Conversion,disentanglingtheprosodyandsemanticinformationwithpre-trainedmodelforin-contextlearningbasedzero-shotvoiceconversion,10.48550/arxiv.2409.05004,,2409.05004,2024-09-08,d3cde4fb3f0f0914b2aec218448cb1734f7532db1a8791a8d569e62d8a96e1b8,base_review,2026-01-02T11:32:21.702033+00:00,0
include,Learning Source Disentanglement in Neural Audio Codec,learningsourcedisentanglementinneuralaudiocodec,10.48550/arxiv.2409.11228,,2409.11228,2024-09-17,d3cde4fb3f0f0914b2aec218448cb1734f7532db1a8791a8d569e62d8a96e1b8,base_review,2026-01-02T11:32:21.702033+00:00,0
include,Low Bitrate High-Quality RVQGAN-based Discrete Speech Tokenizer,lowbitratehigh-qualityrvqgan-baseddiscretespeechtokenizer,10.21437/interspeech.2024-2366,,2410.08325,2024-10-10,d3cde4fb3f0f0914b2aec218448cb1734f7532db1a8791a8d569e62d8a96e1b8,base_review,2026-01-02T11:32:21.702033+00:00,0
include,SNAC: Multi-Scale Neural Audio Codec,snac:multi-scaleneuralaudiocodec,10.48550/arxiv.2410.14411,,2410.14411,2024-10-18,d3cde4fb3f0f0914b2aec218448cb1734f7532db1a8791a8d569e62d8a96e1b8,base_review,2026-01-02T11:32:21.702033+00:00,0
include,DM-Codec: Distilling Multimodal Representations for Speech Tokenization,dm-codec:distillingmultimodalrepresentationsforspeechtokenization,10.48550/arxiv.2410.15017,,2410.15017,2024-10-19,d3cde4fb3f0f0914b2aec218448cb1734f7532db1a8791a8d569e62d8a96e1b8,base_review,2026-01-02T11:32:21.702033+00:00,0
include,LSCodec: Low-Bitrate and Speaker-Decoupled Discrete Speech Codec,lscodec:low-bitrateandspeaker-decoupleddiscretespeechcodec,10.48550/arxiv.2410.15764,,2410.15764,2024-10-21,d3cde4fb3f0f0914b2aec218448cb1734f7532db1a8791a8d569e62d8a96e1b8,base_review,2026-01-02T11:32:21.702033+00:00,0
include,DC-Spin: A Speaker-invariant Speech Tokenizer for Spoken Language Models,dc-spin:aspeaker-invariantspeechtokenizerforspokenlanguagemodels,10.48550/arxiv.2410.24177,,2410.24177,2024-10-31,d3cde4fb3f0f0914b2aec218448cb1734f7532db1a8791a8d569e62d8a96e1b8,base_review,2026-01-02T11:32:21.702033+00:00,0
include,BEST-STD: Bidirectional Mamba-Enhanced Speech Tokenization for Spoken Term Detection,best-std:bidirectionalmamba-enhancedspeechtokenizationforspokentermdetection,10.48550/arxiv.2411.14100,,2411.14100,2024-11-21,d3cde4fb3f0f0914b2aec218448cb1734f7532db1a8791a8d569e62d8a96e1b8,base_review,2026-01-02T11:32:21.702033+00:00,0
include,VQalAttent: a Transparent Speech Generation Pipeline based on Transformer-learned VQ-VAE Latent Space,vqalattent:atransparentspeechgenerationpipelinebasedontransformer-learnedvq-vaelatentspace,10.48550/arxiv.2411.14642,,2411.14642,2024-11-22,d3cde4fb3f0f0914b2aec218448cb1734f7532db1a8791a8d569e62d8a96e1b8,base_review,2026-01-02T11:32:21.702033+00:00,0
include,CosyVoice 2: Scalable Streaming Speech Synthesis with Large Language Models,cosyvoice2:scalablestreamingspeechsynthesiswithlargelanguagemodels,10.48550/arxiv.2412.10117,,2412.10117,2024-12-13,d3cde4fb3f0f0914b2aec218448cb1734f7532db1a8791a8d569e62d8a96e1b8,base_review,2026-01-02T11:32:21.702033+00:00,0
include,Causal Speech Enhancement with Predicting Semantics based on Quantized Self-supervised Learning Features,causalspeechenhancementwithpredictingsemanticsbasedonquantizedself-supervisedlearningfeatures,10.48550/arxiv.2412.19248,,2412.19248,2024-12-26,d3cde4fb3f0f0914b2aec218448cb1734f7532db1a8791a8d569e62d8a96e1b8,base_review,2026-01-02T11:32:21.702033+00:00,0
include,SECodec: Structural Entropy-based Compressive Speech Representation Codec for Speech Language Models,secodec:structuralentropy-basedcompressivespeechrepresentationcodecforspeechlanguagemodels,10.48550/arxiv.2501.00018,,2501.00018,2024-12-16,d3cde4fb3f0f0914b2aec218448cb1734f7532db1a8791a8d569e62d8a96e1b8,base_review,2026-01-02T11:32:21.702033+00:00,0
include,GenSE: Generative Speech Enhancement via Language Models using Hierarchical Modeling,gense:generativespeechenhancementvialanguagemodelsusinghierarchicalmodeling,10.48550/arxiv.2502.02942,,2502.02942,2025-02-05,d3cde4fb3f0f0914b2aec218448cb1734f7532db1a8791a8d569e62d8a96e1b8,base_review,2026-01-02T11:32:21.702033+00:00,0
include,Recent Advances in Discrete Speech Tokens: A Review,recentadvancesindiscretespeechtokens:areview,10.48550/arxiv.2502.06490,,2502.06490,2025-02-10,d3cde4fb3f0f0914b2aec218448cb1734f7532db1a8791a8d569e62d8a96e1b8,base_review,2026-01-02T11:32:21.702033+00:00,0
include,Universal Speech Token Learning via Low-Bitrate Neural Codec and Pretrained Representations,universalspeechtokenlearningvialow-bitrateneuralcodecandpretrainedrepresentations,10.1109/jstsp.2024.3488557,,2503.12115,2025-03-15,d3cde4fb3f0f0914b2aec218448cb1734f7532db1a8791a8d569e62d8a96e1b8,base_review,2026-01-02T11:32:21.702033+00:00,0
include,FireRedTTS-1S: An Upgraded Streamable Foundation Text-to-Speech System,fireredtts-1s:anupgradedstreamablefoundationtext-to-speechsystem,10.48550/arxiv.2503.20499,,2503.20499,2025-03-26,d3cde4fb3f0f0914b2aec218448cb1734f7532db1a8791a8d569e62d8a96e1b8,base_review,2026-01-02T11:32:21.702033+00:00,0
include,TASTE: Text-Aligned Speech Tokenization and Embedding for Spoken Language Modeling,taste:text-alignedspeechtokenizationandembeddingforspokenlanguagemodeling,10.48550/arxiv.2504.07053,,2504.07053,2025-04-09,d3cde4fb3f0f0914b2aec218448cb1734f7532db1a8791a8d569e62d8a96e1b8,base_review,2026-01-02T11:32:21.702033+00:00,0
include,"DualCodec: A Low-Frame-Rate, Semantically-Enhanced Neural Audio Codec for Speech Generation","dualcodec:alow-frame-rate,semantically-enhancedneuralaudiocodecforspeechgeneration",10.48550/arxiv.2505.13000,,2505.13000,2025-05-19,d3cde4fb3f0f0914b2aec218448cb1734f7532db1a8791a8d569e62d8a96e1b8,base_review,2026-01-02T11:32:21.702033+00:00,0
include,Improving Noise Robustness of LLM-based Zero-shot TTS via Discrete Acoustic Token Denoising,improvingnoiserobustnessofllm-basedzero-shotttsviadiscreteacoustictokendenoising,10.48550/arxiv.2505.13830,,2505.13830,2025-05-20,d3cde4fb3f0f0914b2aec218448cb1734f7532db1a8791a8d569e62d8a96e1b8,base_review,2026-01-02T11:32:21.702033+00:00,0
include,Discrete Audio Representations for Automated Audio Captioning,discreteaudiorepresentationsforautomatedaudiocaptioning,10.48550/arxiv.2505.14989,,2505.14989,2025-05-21,d3cde4fb3f0f0914b2aec218448cb1734f7532db1a8791a8d569e62d8a96e1b8,base_review,2026-01-02T11:32:21.702033+00:00,0
include,Exploring the Effect of Segmentation and Vocabulary Size on Speech Tokenization for Speech Language Models,exploringtheeffectofsegmentationandvocabularysizeonspeechtokenizationforspeechlanguagemodels,10.48550/arxiv.2505.17446,,2505.17446,2025-05-23,d3cde4fb3f0f0914b2aec218448cb1734f7532db1a8791a8d569e62d8a96e1b8,base_review,2026-01-02T11:32:21.702033+00:00,0
include,Speech Token Prediction via Compressed-to-fine Language Modeling for Speech Generation,speechtokenpredictionviacompressed-to-finelanguagemodelingforspeechgeneration,10.48550/arxiv.2505.24496,,2505.24496,2025-05-30,d3cde4fb3f0f0914b2aec218448cb1734f7532db1a8791a8d569e62d8a96e1b8,base_review,2026-01-02T11:32:21.702033+00:00,0
include,HASRD: Hierarchical Acoustic and Semantic Representation Disentanglement,hasrd:hierarchicalacousticandsemanticrepresentationdisentanglement,10.48550/arxiv.2506.00843,,2506.00843,2025-06-01,d3cde4fb3f0f0914b2aec218448cb1734f7532db1a8791a8d569e62d8a96e1b8,base_review,2026-01-02T11:32:21.702033+00:00,0
include,DrVoice: Parallel Speech-Text Voice Conversation Model via Dual-Resolution Speech Representations,drvoice:parallelspeech-textvoiceconversationmodelviadual-resolutionspeechrepresentations,10.48550/arxiv.2506.09349,,2506.09349,2025-06-11,d3cde4fb3f0f0914b2aec218448cb1734f7532db1a8791a8d569e62d8a96e1b8,base_review,2026-01-02T11:32:21.702033+00:00,0
include,Generation-Based Target Speech Extraction with Speech Discretization and Vocoder,generation-basedtargetspeechextractionwithspeechdiscretizationandvocoder,10.1109/icassp48485.2024.10446418,https://openalex.org/w4392903977,,2024-03-18,d3cde4fb3f0f0914b2aec218448cb1734f7532db1a8791a8d569e62d8a96e1b8,snowball_review,2026-01-02T11:34:23.282502+00:00,1
include,VQTTS: High-Fidelity Text-to-Speech Synthesis with Self-Supervised VQ Acoustic Feature,vqtts:high-fidelitytext-to-speechsynthesiswithself-supervisedvqacousticfeature,10.21437/interspeech.2022-489,https://openalex.org/w4226132755,,2022-09-16,d3cde4fb3f0f0914b2aec218448cb1734f7532db1a8791a8d569e62d8a96e1b8,snowball_review,2026-01-02T11:34:23.282502+00:00,1
include,HuBERT: Self-Supervised Speech Representation Learning by Masked Prediction of Hidden Units,hubert:self-supervisedspeechrepresentationlearningbymaskedpredictionofhiddenunits,10.1109/taslp.2021.3122291,https://openalex.org/w3169320628,,2021-01-01,d3cde4fb3f0f0914b2aec218448cb1734f7532db1a8791a8d569e62d8a96e1b8,snowball_review,2026-01-02T11:34:23.282502+00:00,1
include,vq-wav2vec: Self-Supervised Learning of Discrete Speech Representations,vq-wav2vec:self-supervisedlearningofdiscretespeechrepresentations,10.48550/arxiv.1910.05453,https://openalex.org/w2979476256,,2019-10-12,d3cde4fb3f0f0914b2aec218448cb1734f7532db1a8791a8d569e62d8a96e1b8,snowball_review,2026-01-02T11:34:23.282502+00:00,1
include,"Speak, Read and Prompt: High-Fidelity Text-to-Speech with Minimal Supervision","speak,readandprompt:high-fidelitytext-to-speechwithminimalsupervision",10.1162/tacl_a_00618,https://openalex.org/w4390075359,,2023-01-01,d3cde4fb3f0f0914b2aec218448cb1734f7532db1a8791a8d569e62d8a96e1b8,snowball_review,2026-01-02T11:34:23.282502+00:00,1
include,NaturalSpeech 2: Latent Diffusion Models are Natural and Zero-Shot Speech and Singing Synthesizers,naturalspeech2:latentdiffusionmodelsarenaturalandzero-shotspeechandsingingsynthesizers,10.48550/arxiv.2304.09116,https://openalex.org/w4366460484,,2023-04-18,d3cde4fb3f0f0914b2aec218448cb1734f7532db1a8791a8d569e62d8a96e1b8,snowball_review,2026-01-02T11:34:23.282502+00:00,1
include,InstructTTS: Modelling Expressive TTS in Discrete Latent Space with Natural Language Style Prompt,instructtts:modellingexpressivettsindiscretelatentspacewithnaturallanguagestyleprompt,10.48550/arxiv.2301.13662,https://openalex.org/w4318907788,,2023-01-31,d3cde4fb3f0f0914b2aec218448cb1734f7532db1a8791a8d569e62d8a96e1b8,snowball_review,2026-01-02T11:34:23.282502+00:00,1
include,wav2vec 2.0: A Framework for Self-Supervised Learning of Speech Representations,wav2vec2.0:aframeworkforself-supervisedlearningofspeechrepresentations,10.48550/arxiv.2006.11477,https://openalex.org/w3036601975,,2020-06-20,d3cde4fb3f0f0914b2aec218448cb1734f7532db1a8791a8d569e62d8a96e1b8,snowball_review,2026-01-02T11:34:23.282502+00:00,1
include,w2v-BERT: Combining Contrastive Learning and Masked Language Modeling for Self-Supervised Speech Pre-Training,w2v-bert:combiningcontrastivelearningandmaskedlanguagemodelingforself-supervisedspeechpre-training,10.1109/asru51503.2021.9688253,https://openalex.org/w4226033575,,2021-12-13,d3cde4fb3f0f0914b2aec218448cb1734f7532db1a8791a8d569e62d8a96e1b8,snowball_review,2026-01-02T11:34:23.282502+00:00,1
include,AudioLM: A Language Modeling Approach to Audio Generation,audiolm:alanguagemodelingapproachtoaudiogeneration,10.1109/taslp.2023.3288409,https://openalex.org/w4381786045,,2023-01-01,d3cde4fb3f0f0914b2aec218448cb1734f7532db1a8791a8d569e62d8a96e1b8,snowball_review,2026-01-02T11:34:23.282502+00:00,1
include,Disentangled Feature Learning for Real-Time Neural Speech Coding,disentangledfeaturelearningforreal-timeneuralspeechcoding,10.1109/icassp49357.2023.10094723,https://openalex.org/w4372259964,,2023-05-05,d3cde4fb3f0f0914b2aec218448cb1734f7532db1a8791a8d569e62d8a96e1b8,snowball_review,2026-01-02T11:34:23.282502+00:00,1
include,Direct Speech-to-Speech Translation With Discrete Units,directspeech-to-speechtranslationwithdiscreteunits,10.18653/v1/2022.acl-long.235,https://openalex.org/w3180374548,,2022-01-01,d3cde4fb3f0f0914b2aec218448cb1734f7532db1a8791a8d569e62d8a96e1b8,snowball_review,2026-01-02T11:34:23.282502+00:00,1
include,UnitY: Two-pass Direct Speech-to-speech Translation with Discrete Units,unity:two-passdirectspeech-to-speechtranslationwithdiscreteunits,10.18653/v1/2023.acl-long.872,https://openalex.org/w4385570550,,2023-01-01,d3cde4fb3f0f0914b2aec218448cb1734f7532db1a8791a8d569e62d8a96e1b8,snowball_review,2026-01-02T11:42:09.404784+00:00,2
include,A Vector Quantized Approach for Text to Speech Synthesis on Real-World Spontaneous Speech,avectorquantizedapproachfortexttospeechsynthesisonreal-worldspontaneousspeech,10.1609/aaai.v37i11.26488,https://openalex.org/w4382202703,,2023-06-26,d3cde4fb3f0f0914b2aec218448cb1734f7532db1a8791a8d569e62d8a96e1b8,snowball_review,2026-01-02T11:42:09.404784+00:00,2
include,ZMM-TTS: Zero-Shot Multilingual and Multispeaker Speech Synthesis Conditioned on Self-Supervised Discrete Speech Representations,zmm-tts:zero-shotmultilingualandmultispeakerspeechsynthesisconditionedonself-superviseddiscretespeechrepresentations,10.1109/taslp.2024.3451951,https://openalex.org/w4402301063,,2024-01-01,d3cde4fb3f0f0914b2aec218448cb1734f7532db1a8791a8d569e62d8a96e1b8,snowball_review,2026-01-02T11:42:09.404784+00:00,2
include,Speaker Adaptive Text-to-Speech With Timbre-Normalized Vector-Quantized Feature,speakeradaptivetext-to-speechwithtimbre-normalizedvector-quantizedfeature,10.1109/taslp.2023.3308374,https://openalex.org/w4386133927,,2023-01-01,d3cde4fb3f0f0914b2aec218448cb1734f7532db1a8791a8d569e62d8a96e1b8,snowball_review,2026-01-02T11:42:09.404784+00:00,2
include,DCTTS: Discrete Diffusion Model with Contrastive Learning for Text-to-Speech Generation,dctts:discretediffusionmodelwithcontrastivelearningfortext-to-speechgeneration,10.1109/icassp48485.2024.10447661,https://openalex.org/w4392909102,,2024-03-18,d3cde4fb3f0f0914b2aec218448cb1734f7532db1a8791a8d569e62d8a96e1b8,snowball_review,2026-01-02T11:42:09.404784+00:00,2
include,A Comparison of Discrete and Soft Speech Units for Improved Voice Conversion,acomparisonofdiscreteandsoftspeechunitsforimprovedvoiceconversion,10.1109/icassp43922.2022.9746484,https://openalex.org/w3210530853,,2022-04-27,d3cde4fb3f0f0914b2aec218448cb1734f7532db1a8791a8d569e62d8a96e1b8,snowball_review,2026-01-02T11:42:09.404784+00:00,2
include,Direct Text to Speech Translation System Using Acoustic Units,directtexttospeechtranslationsystemusingacousticunits,10.1109/lsp.2023.3313513,https://openalex.org/w4386590854,,2023-01-01,d3cde4fb3f0f0914b2aec218448cb1734f7532db1a8791a8d569e62d8a96e1b8,snowball_review,2026-01-02T11:42:09.404784+00:00,2
include,Toward Joint Language Modeling for Speech Units and Text,towardjointlanguagemodelingforspeechunitsandtext,10.18653/v1/2023.findings-emnlp.438,https://openalex.org/w4389518827,,2023-01-01,d3cde4fb3f0f0914b2aec218448cb1734f7532db1a8791a8d569e62d8a96e1b8,snowball_review,2026-01-02T11:42:09.404784+00:00,2
include,Unsupervised Data Selection via Discrete Speech Representation for ASR,unsuperviseddataselectionviadiscretespeechrepresentationforasr,10.21437/interspeech.2022-399,https://openalex.org/w4297841894,,2022-09-16,d3cde4fb3f0f0914b2aec218448cb1734f7532db1a8791a8d569e62d8a96e1b8,snowball_review,2026-01-02T11:42:09.404784+00:00,2
include,Speaking Style Conversion in the Waveform Domain Using Discrete Self-Supervised Units,speakingstyleconversioninthewaveformdomainusingdiscreteself-supervisedunits,10.18653/v1/2023.findings-emnlp.541,https://openalex.org/w4389524060,,2023-01-01,d3cde4fb3f0f0914b2aec218448cb1734f7532db1a8791a8d569e62d8a96e1b8,snowball_review,2026-01-02T11:42:09.404784+00:00,2
include,Direct Punjabi to English Speech Translation using Discrete Units,directpunjabitoenglishspeechtranslationusingdiscreteunits,10.5121/ijci.2024.130201,https://openalex.org/w4392884616,,2024-03-10,d3cde4fb3f0f0914b2aec218448cb1734f7532db1a8791a8d569e62d8a96e1b8,snowball_review,2026-01-02T11:46:40.544424+00:00,3
include,Direct simultaneous speech to speech translation,directsimultaneousspeechtospeechtranslation,,https://openalex.org/w3207738474,,2021-10-15,d3cde4fb3f0f0914b2aec218448cb1734f7532db1a8791a8d569e62d8a96e1b8,snowball_review,2026-01-02T11:42:09.404784+00:00,2
include,Hubert: How Much Can a Bad Teacher Benefit ASR Pre-Training?,hubert:howmuchcanabadteacherbenefitasrpre-training?,10.1109/icassp39728.2021.9414460,https://openalex.org/w3160799772,,2021-05-13,d3cde4fb3f0f0914b2aec218448cb1734f7532db1a8791a8d569e62d8a96e1b8,snowball_review,2026-01-02T11:42:09.404784+00:00,2
include,Effectiveness of Self-Supervised Pre-Training for ASR,effectivenessofself-supervisedpre-trainingforasr,10.1109/icassp40776.2020.9054224,https://openalex.org/w3015356564,,2020-04-09,d3cde4fb3f0f0914b2aec218448cb1734f7532db1a8791a8d569e62d8a96e1b8,snowball_review,2026-01-02T11:42:09.404784+00:00,2
include,UWSpeech: Speech to Speech Translation for Unwritten Languages,uwspeech:speechtospeechtranslationforunwrittenlanguages,10.1609/aaai.v35i16.17684,https://openalex.org/w3175871055,,2021-05-18,d3cde4fb3f0f0914b2aec218448cb1734f7532db1a8791a8d569e62d8a96e1b8,snowball_review,2026-01-02T11:42:09.404784+00:00,2
include,Any-to-One Sequence-to-Sequence Voice Conversion Using Self-Supervised Discrete Speech Representations,any-to-onesequence-to-sequencevoiceconversionusingself-superviseddiscretespeechrepresentations,10.1109/icassp39728.2021.9415079,https://openalex.org/w3161695192,,2021-05-13,d3cde4fb3f0f0914b2aec218448cb1734f7532db1a8791a8d569e62d8a96e1b8,snowball_review,2026-01-02T11:42:09.404784+00:00,2
include,Wav2Seq: Pre-Training Speech-to-Text Encoder-Decoder Models Using Pseudo Languages,wav2seq:pre-trainingspeech-to-textencoder-decodermodelsusingpseudolanguages,10.1109/icassp49357.2023.10096988,https://openalex.org/w4372270126,,2023-05-05,d3cde4fb3f0f0914b2aec218448cb1734f7532db1a8791a8d569e62d8a96e1b8,snowball_review,2026-01-02T11:42:09.404784+00:00,2
include,Transformer VQ-VAE for Unsupervised Unit Discovery and Speech Synthesis: ZeroSpeech 2020 Challenge,transformervq-vaeforunsupervisedunitdiscoveryandspeechsynthesis:zerospeech2020challenge,10.21437/interspeech.2020-3033,https://openalex.org/w3096216486,,2020-10-25,d3cde4fb3f0f0914b2aec218448cb1734f7532db1a8791a8d569e62d8a96e1b8,snowball_review,2026-01-02T11:42:09.404784+00:00,2
include,The Zero Resource Speech Challenge 2020: Discovering discrete subword and word units,thezeroresourcespeechchallenge2020:discoveringdiscretesubwordandwordunits,10.48550/arxiv.2010.05967,https://openalex.org/w3093427098,,2020-10-12,d3cde4fb3f0f0914b2aec218448cb1734f7532db1a8791a8d569e62d8a96e1b8,snowball_review,2026-01-02T11:42:09.404784+00:00,2
include,Text-Free Image-to-Speech Synthesis Using Learned Segmental Units,text-freeimage-to-speechsynthesisusinglearnedsegmentalunits,10.18653/v1/2021.acl-long.411,https://openalex.org/w3114436296,,2021-01-01,d3cde4fb3f0f0914b2aec218448cb1734f7532db1a8791a8d569e62d8a96e1b8,snowball_review,2026-01-02T11:42:09.404784+00:00,2
include,Supervision-Guided Codebooks for Masked Prediction in Speech Pre-training,supervision-guidedcodebooksformaskedpredictioninspeechpre-training,10.21437/interspeech.2022-936,https://openalex.org/w4283324001,,2022-09-16,d3cde4fb3f0f0914b2aec218448cb1734f7532db1a8791a8d569e62d8a96e1b8,snowball_review,2026-01-02T11:42:09.404784+00:00,2
include,VCVTS: Multi-Speaker Video-to-Speech Synthesis Via Cross-Modal Knowledge Transfer from Voice Conversion,vcvts:multi-speakervideo-to-speechsynthesisviacross-modalknowledgetransferfromvoiceconversion,10.1109/icassp43922.2022.9747427,https://openalex.org/w4224926225,,2022-04-27,d3cde4fb3f0f0914b2aec218448cb1734f7532db1a8791a8d569e62d8a96e1b8,snowball_review,2026-01-02T11:42:09.404784+00:00,2
include,A Comparison of Discrete Latent Variable Models for Speech Representation Learning,acomparisonofdiscretelatentvariablemodelsforspeechrepresentationlearning,10.1109/icassp39728.2021.9413680,https://openalex.org/w3161411634,,2021-05-13,d3cde4fb3f0f0914b2aec218448cb1734f7532db1a8791a8d569e62d8a96e1b8,snowball_review,2026-01-02T11:42:09.404784+00:00,2
include,Predicting Multi-Codebook Vector Quantization Indexes for Knowledge Distillation,predictingmulti-codebookvectorquantizationindexesforknowledgedistillation,10.1109/icassp49357.2023.10095268,https://openalex.org/w4375869398,,2023-05-05,d3cde4fb3f0f0914b2aec218448cb1734f7532db1a8791a8d569e62d8a96e1b8,snowball_review,2026-01-02T11:42:09.404784+00:00,2
include,Applying the Information Bottleneck Principle to Prosodic Representation Learning,applyingtheinformationbottleneckprincipletoprosodicrepresentationlearning,10.21437/interspeech.2021-1049,https://openalex.org/w3197304925,,2021-08-27,d3cde4fb3f0f0914b2aec218448cb1734f7532db1a8791a8d569e62d8a96e1b8,snowball_review,2026-01-02T11:42:09.404784+00:00,2
include,Self Supervised Representation Learning with Deep Clustering for Acoustic Unit Discovery from Raw Speech,selfsupervisedrepresentationlearningwithdeepclusteringforacousticunitdiscoveryfromrawspeech,10.1109/icassp43922.2022.9747259,https://openalex.org/w4224918488,,2022-04-27,d3cde4fb3f0f0914b2aec218448cb1734f7532db1a8791a8d569e62d8a96e1b8,snowball_review,2026-01-02T11:42:09.404784+00:00,2
include,Self-supervised Semantic-driven Phoneme Discovery for Zero-resource Speech Recognition,self-supervisedsemantic-drivenphonemediscoveryforzero-resourcespeechrecognition,10.18653/v1/2022.acl-long.553,https://openalex.org/w4285258797,,2022-01-01,d3cde4fb3f0f0914b2aec218448cb1734f7532db1a8791a8d569e62d8a96e1b8,snowball_review,2026-01-02T11:42:09.404784+00:00,2
include,Improving Unsupervised Sparsespeech Acoustic Models with Categorical Reparameterization,improvingunsupervisedsparsespeechacousticmodelswithcategoricalreparameterization,10.21437/interspeech.2020-2629,https://openalex.org/w3031277321,,2020-10-25,d3cde4fb3f0f0914b2aec218448cb1734f7532db1a8791a8d569e62d8a96e1b8,snowball_review,2026-01-02T11:46:40.544424+00:00,3
include,DiscreTalk: Text-to-Speech as a Machine Translation Problem,discretalk:text-to-speechasamachinetranslationproblem,10.48550/arxiv.2005.05525,https://openalex.org/w3024605872,,2020-05-12,d3cde4fb3f0f0914b2aec218448cb1734f7532db1a8791a8d569e62d8a96e1b8,snowball_review,2026-01-02T11:42:09.404784+00:00,2
include,Vector Quantized Contrastive Predictive Coding for Template-based Music Generation,vectorquantizedcontrastivepredictivecodingfortemplate-basedmusicgeneration,10.48550/arxiv.2004.10120,https://openalex.org/w3018535504,,2020-04-21,d3cde4fb3f0f0914b2aec218448cb1734f7532db1a8791a8d569e62d8a96e1b8,snowball_review,2026-01-02T11:42:09.404784+00:00,2
include,Pseudo-Label Based Supervised Contrastive Loss for Robust Speech Representations,pseudo-labelbasedsupervisedcontrastivelossforrobustspeechrepresentations,10.1109/asru57964.2023.10389725,https://openalex.org/w4391021561,,2023-12-16,d3cde4fb3f0f0914b2aec218448cb1734f7532db1a8791a8d569e62d8a96e1b8,snowball_review,2026-01-02T11:42:09.404784+00:00,2
include,Fewer-Token Neural Speech Codec with Time-Invariant Codes,fewer-tokenneuralspeechcodecwithtime-invariantcodes,10.1109/icassp48485.2024.10448454,https://openalex.org/w4392903006,,2024-03-18,d3cde4fb3f0f0914b2aec218448cb1734f7532db1a8791a8d569e62d8a96e1b8,snowball_review,2026-01-02T11:42:09.404784+00:00,2
include,VoxInstruct: Expressive Human Instruction-to-Speech Generation with Unified Multilingual Codec Language Modelling,voxinstruct:expressivehumaninstruction-to-speechgenerationwithunifiedmultilingualcodeclanguagemodelling,10.1145/3664647.3681680,https://openalex.org/w4402705930,,2024-10-26,d3cde4fb3f0f0914b2aec218448cb1734f7532db1a8791a8d569e62d8a96e1b8,snowball_review,2026-01-02T11:42:09.404784+00:00,2
include,Textless Direct Speech-to-Speech Translation with Discrete Speech Representation,textlessdirectspeech-to-speechtranslationwithdiscretespeechrepresentation,10.1109/icassp49357.2023.10096797,https://openalex.org/w4372349107,,2023-05-05,d3cde4fb3f0f0914b2aec218448cb1734f7532db1a8791a8d569e62d8a96e1b8,snowball_review,2026-01-02T11:42:09.404784+00:00,2
include,"Exploring Speech Recognition, Translation, and Understanding with Discrete Speech Units: A Comparative Study","exploringspeechrecognition,translation,andunderstandingwithdiscretespeechunits:acomparativestudy",10.1109/icassp48485.2024.10447929,https://openalex.org/w4392909068,,2024-03-18,d3cde4fb3f0f0914b2aec218448cb1734f7532db1a8791a8d569e62d8a96e1b8,snowball_review,2026-01-02T11:42:09.404784+00:00,2
include,ReVISE: Self-Supervised Speech Resynthesis with Visual Input for Universal and Generalized Speech Regeneration,revise:self-supervisedspeechresynthesiswithvisualinputforuniversalandgeneralizedspeechregeneration,10.1109/cvpr52729.2023.01802,https://openalex.org/w4386076005,,2023-06-01,d3cde4fb3f0f0914b2aec218448cb1734f7532db1a8791a8d569e62d8a96e1b8,snowball_review,2026-01-02T11:42:09.404784+00:00,2
include,Disentangling Prosody Representations With Unsupervised Speech Reconstruction,disentanglingprosodyrepresentationswithunsupervisedspeechreconstruction,10.1109/taslp.2023.3320864,https://openalex.org/w4387247604,,2023-10-02,d3cde4fb3f0f0914b2aec218448cb1734f7532db1a8791a8d569e62d8a96e1b8,snowball_review,2026-01-02T11:42:09.404784+00:00,2
include,A Unified One-Shot Prosody and Speaker Conversion System with Self-Supervised Discrete Speech Units,aunifiedone-shotprosodyandspeakerconversionsystemwithself-superviseddiscretespeechunits,10.1109/icassp49357.2023.10095565,https://openalex.org/w4372266960,,2023-05-05,d3cde4fb3f0f0914b2aec218448cb1734f7532db1a8791a8d569e62d8a96e1b8,snowball_review,2026-01-02T11:42:09.404784+00:00,2
include,Back Translation for Speech-to-text Translation Without Transcripts,backtranslationforspeech-to-texttranslationwithouttranscripts,10.18653/v1/2023.acl-long.251,https://openalex.org/w4385569716,,2023-01-01,d3cde4fb3f0f0914b2aec218448cb1734f7532db1a8791a8d569e62d8a96e1b8,snowball_review,2026-01-02T11:42:09.404784+00:00,2
include,An ASR-Free Fluency Scoring Approach with Self-Supervised Learning,anasr-freefluencyscoringapproachwithself-supervisedlearning,10.1109/icassp49357.2023.10095311,https://openalex.org/w4372259940,,2023-05-05,d3cde4fb3f0f0914b2aec218448cb1734f7532db1a8791a8d569e62d8a96e1b8,snowball_review,2026-01-02T11:42:09.404784+00:00,2
include,An Exploration of Hubert with Large Number of Cluster Units and Model Assessment Using Bayesian Information Criterion,anexplorationofhubertwithlargenumberofclusterunitsandmodelassessmentusingbayesianinformationcriterion,10.1109/icassp43922.2022.9746097,https://openalex.org/w4224927737,,2022-04-27,d3cde4fb3f0f0914b2aec218448cb1734f7532db1a8791a8d569e62d8a96e1b8,snowball_review,2026-01-02T11:42:09.404784+00:00,2
include,Towards Practical and Efficient Image-to-Speech Captioning with Vision-Language Pre-Training and Multi-Modal Tokens,towardspracticalandefficientimage-to-speechcaptioningwithvision-languagepre-trainingandmulti-modaltokens,10.1109/icassp48485.2024.10446888,https://openalex.org/w4392904292,,2024-03-18,d3cde4fb3f0f0914b2aec218448cb1734f7532db1a8791a8d569e62d8a96e1b8,snowball_review,2026-01-02T11:42:09.404784+00:00,2
include,SoundStream: An End-to-End Neural Audio Codec,soundstream:anend-to-endneuralaudiocodec,10.1109/taslp.2021.3129994,https://openalex.org/w3178321840,,2021-11-23,d3cde4fb3f0f0914b2aec218448cb1734f7532db1a8791a8d569e62d8a96e1b8,snowball_review,2026-01-02T11:42:09.404784+00:00,2
include,The Zero Resource Speech Challenge 2021: Spoken Language Modelling,thezeroresourcespeechchallenge2021:spokenlanguagemodelling,10.21437/interspeech.2021-1755,https://openalex.org/w3187244867,,2021-08-27,d3cde4fb3f0f0914b2aec218448cb1734f7532db1a8791a8d569e62d8a96e1b8,snowball_review,2026-01-02T11:42:09.404784+00:00,2
include,DeCoAR 2.0: Deep Contextualized Acoustic Representations with Vector Quantization,decoar2.0:deepcontextualizedacousticrepresentationswithvectorquantization,10.48550/arxiv.2012.06659,https://openalex.org/w3112034174,,2020-12-11,d3cde4fb3f0f0914b2aec218448cb1734f7532db1a8791a8d569e62d8a96e1b8,snowball_review,2026-01-02T11:42:09.404784+00:00,2
include,"VoxtLM: Unified Decoder-Only Models for Consolidating Speech Recognition, Synthesis and Speech, Text Continuation Tasks","voxtlm:unifieddecoder-onlymodelsforconsolidatingspeechrecognition,synthesisandspeech,textcontinuationtasks",10.1109/icassp48485.2024.10447112,https://openalex.org/w4392904805,,2024-03-18,d3cde4fb3f0f0914b2aec218448cb1734f7532db1a8791a8d569e62d8a96e1b8,snowball_review,2026-01-02T11:42:09.404784+00:00,2
include,SpeechLM: Enhanced Speech Pre-Training With Unpaired Textual Data,speechlm:enhancedspeechpre-trainingwithunpairedtextualdata,10.1109/taslp.2024.3379877,https://openalex.org/w4392979802,,2024-01-01,d3cde4fb3f0f0914b2aec218448cb1734f7532db1a8791a8d569e62d8a96e1b8,snowball_review,2026-01-02T11:42:09.404784+00:00,2
include,Discrete Audio Representation as an Alternative to Mel-Spectrograms for Speaker and Speech Recognition,discreteaudiorepresentationasanalternativetomel-spectrogramsforspeakerandspeechrecognition,10.1109/icassp48485.2024.10446998,https://openalex.org/w4392904154,,2024-03-18,d3cde4fb3f0f0914b2aec218448cb1734f7532db1a8791a8d569e62d8a96e1b8,snowball_review,2026-01-02T11:42:09.404784+00:00,2
include,Unsupervised Accent Adaptation Through Masked Language Model Correction of Discrete Self-Supervised Speech Units,unsupervisedaccentadaptationthroughmaskedlanguagemodelcorrectionofdiscreteself-supervisedspeechunits,10.1109/icassp48485.2024.10446344,https://openalex.org/w4392902995,,2024-03-18,d3cde4fb3f0f0914b2aec218448cb1734f7532db1a8791a8d569e62d8a96e1b8,snowball_review,2026-01-02T11:42:09.404784+00:00,2
include,Are Discrete Units Necessary for Spoken Language Modeling?,arediscreteunitsnecessaryforspokenlanguagemodeling?,10.1109/jstsp.2022.3200909,https://openalex.org/w4221140961,,2022-08-23,d3cde4fb3f0f0914b2aec218448cb1734f7532db1a8791a8d569e62d8a96e1b8,snowball_review,2026-01-02T11:42:09.404784+00:00,2
include,Learning Contextualized Representation on Discrete Space Via Hierarchical Product Quantization,learningcontextualizedrepresentationondiscretespaceviahierarchicalproductquantization,10.1109/icassp48485.2024.10446474,https://openalex.org/w4392902837,,2024-03-18,d3cde4fb3f0f0914b2aec218448cb1734f7532db1a8791a8d569e62d8a96e1b8,snowball_review,2026-01-02T11:42:09.404784+00:00,2
include,Optimized Self-supervised Training with BEST-RQ for Speech Recognition,optimizedself-supervisedtrainingwithbest-rqforspeechrecognition,10.1109/icassp49660.2025.10889362,https://openalex.org/w4408354935,,2025-03-12,d3cde4fb3f0f0914b2aec218448cb1734f7532db1a8791a8d569e62d8a96e1b8,snowball_review,2026-01-02T11:42:09.404784+00:00,2
include,SELM: Speech Enhancement using Discrete Tokens and Language Models,selm:speechenhancementusingdiscretetokensandlanguagemodels,10.1109/icassp48485.2024.10447464,https://openalex.org/w4392909571,,2024-03-18,d3cde4fb3f0f0914b2aec218448cb1734f7532db1a8791a8d569e62d8a96e1b8,snowball_review,2026-01-02T11:42:09.404784+00:00,2
include,Yet Another Generative Model for Room Impulse Response Estimation,yetanothergenerativemodelforroomimpulseresponseestimation,10.1109/waspaa58266.2023.10248189,https://openalex.org/w4386764631,,2023-09-15,d3cde4fb3f0f0914b2aec218448cb1734f7532db1a8791a8d569e62d8a96e1b8,snowball_review,2026-01-02T11:42:09.404784+00:00,2
include,Generative De-Quantization for Neural Speech Codec Via Latent Diffusion,generativede-quantizationforneuralspeechcodecvialatentdiffusion,10.1109/icassp48485.2024.10446556,https://openalex.org/w4392931975,,2024-03-18,d3cde4fb3f0f0914b2aec218448cb1734f7532db1a8791a8d569e62d8a96e1b8,snowball_review,2026-01-02T11:42:09.404784+00:00,2
include,Indonesian Voice Cloning Text-to-Speech System With Vall-E-Based Model and Speech Enhancement,indonesianvoicecloningtext-to-speechsystemwithvall-e-basedmodelandspeechenhancement,10.1109/access.2024.3519870,https://openalex.org/w4405521108,,2024-01-01,d3cde4fb3f0f0914b2aec218448cb1734f7532db1a8791a8d569e62d8a96e1b8,snowball_review,2026-01-02T11:42:09.404784+00:00,2
include,Generating Stereophonic Music with Single-Stage Language Models,generatingstereophonicmusicwithsingle-stagelanguagemodels,10.1109/icassp48485.2024.10446643,https://openalex.org/w4392902968,,2024-03-18,d3cde4fb3f0f0914b2aec218448cb1734f7532db1a8791a8d569e62d8a96e1b8,snowball_review,2026-01-02T11:42:09.404784+00:00,2
include,TTS-Transducer: End-to-End Speech Synthesis with Neural Transducer,tts-transducer:end-to-endspeechsynthesiswithneuraltransducer,10.1109/icassp49660.2025.10890256,https://openalex.org/w4408354729,,2025-03-12,d3cde4fb3f0f0914b2aec218448cb1734f7532db1a8791a8d569e62d8a96e1b8,snowball_review,2026-01-02T11:42:09.404784+00:00,2
include,Make Some Noise: Towards LLM audio reasoning and generation using sound tokens,makesomenoise:towardsllmaudioreasoningandgenerationusingsoundtokens,10.1109/icassp49660.2025.10888809,https://openalex.org/w4408354829,,2025-03-12,d3cde4fb3f0f0914b2aec218448cb1734f7532db1a8791a8d569e62d8a96e1b8,snowball_review,2026-01-02T11:42:09.404784+00:00,2
include,Cross-Modal Multi-Tasking for Speech-to-Text Translation via Hard Parameter Sharing,cross-modalmulti-taskingforspeech-to-texttranslationviahardparametersharing,10.1109/icassp48485.2024.10447926,https://openalex.org/w4392902778,,2024-03-18,d3cde4fb3f0f0914b2aec218448cb1734f7532db1a8791a8d569e62d8a96e1b8,snowball_review,2026-01-02T11:42:09.404784+00:00,2
include,Direct speech-reply generation from text-dialogue context,directspeech-replygenerationfromtext-dialoguecontext,10.23919/apsipaasc55919.2022.9979940,https://openalex.org/w4312097514,,2022-11-07,d3cde4fb3f0f0914b2aec218448cb1734f7532db1a8791a8d569e62d8a96e1b8,snowball_review,2026-01-02T11:42:09.404784+00:00,2
include,Effectiveness of self-supervised pre-training for speech recognition,effectivenessofself-supervisedpre-trainingforspeechrecognition,10.48550/arxiv.1911.03912,https://openalex.org/w2988736778,,2019-11-10,d3cde4fb3f0f0914b2aec218448cb1734f7532db1a8791a8d569e62d8a96e1b8,snowball_review,2026-01-02T11:42:09.404784+00:00,2
include,Speech-to-Speech Translation Between Untranscribed Unknown Languages,speech-to-speechtranslationbetweenuntranscribedunknownlanguages,10.1109/asru46091.2019.9003853,https://openalex.org/w3007068036,,2019-12-01,d3cde4fb3f0f0914b2aec218448cb1734f7532db1a8791a8d569e62d8a96e1b8,snowball_review,2026-01-02T11:42:09.404784+00:00,2
include,Generating diverse and natural text-to-speech samples using a quantized\n fine-grained VAE and auto-regressive prosody prior,generatingdiverseandnaturaltext-to-speechsamplesusingaquantized\nfine-grainedvaeandauto-regressiveprosodyprior,10.48550/arxiv.2002.03788,https://openalex.org/w4214968481,,2020-02-06,d3cde4fb3f0f0914b2aec218448cb1734f7532db1a8791a8d569e62d8a96e1b8,snowball_review,2026-01-02T11:42:09.404784+00:00,2
include,Learning Disentangled Phone and Speaker Representations in a Semi-Supervised VQ-VAE Paradigm,learningdisentangledphoneandspeakerrepresentationsinasemi-supervisedvq-vaeparadigm,10.1109/icassp39728.2021.9413543,https://openalex.org/w3160584619,,2021-05-13,d3cde4fb3f0f0914b2aec218448cb1734f7532db1a8791a8d569e62d8a96e1b8,snowball_review,2026-01-02T11:42:09.404784+00:00,2
include,Unsupervised Acoustic Unit Discovery for Speech Synthesis Using Discrete Latent-Variable Neural Networks,unsupervisedacousticunitdiscoveryforspeechsynthesisusingdiscretelatent-variableneuralnetworks,10.21437/interspeech.2019-1518,https://openalex.org/w2936295285,,2019-09-13,d3cde4fb3f0f0914b2aec218448cb1734f7532db1a8791a8d569e62d8a96e1b8,snowball_review,2026-01-02T11:42:09.404784+00:00,2
include,Learning Hierarchical Discrete Linguistic Units from Visually-Grounded\n Speech,learninghierarchicaldiscretelinguisticunitsfromvisually-grounded\nspeech,10.48550/arxiv.1911.09602,https://openalex.org/w2995680346,,2019-11-21,d3cde4fb3f0f0914b2aec218448cb1734f7532db1a8791a8d569e62d8a96e1b8,snowball_review,2026-01-02T11:42:09.404784+00:00,2
include,The challenge of realistic music generation: modelling raw audio at scale,thechallengeofrealisticmusicgeneration:modellingrawaudioatscale,,https://openalex.org/w2962942158,,2018-06-01,d3cde4fb3f0f0914b2aec218448cb1734f7532db1a8791a8d569e62d8a96e1b8,snowball_review,2026-01-02T11:42:09.404784+00:00,2
include,VQVAE Unsupervised Unit Discovery and Multi-Scale Code2Spec Inverter for Zerospeech Challenge 2019,vqvaeunsupervisedunitdiscoveryandmulti-scalecode2specinverterforzerospeechchallenge2019,10.21437/interspeech.2019-3232,https://openalex.org/w2972374322,,2019-09-13,d3cde4fb3f0f0914b2aec218448cb1734f7532db1a8791a8d569e62d8a96e1b8,snowball_review,2026-01-02T11:42:09.404784+00:00,2
include,Textless Speech Emotion Conversion using Decomposed and Discrete Representations,textlessspeechemotionconversionusingdecomposedanddiscreterepresentations,,https://openalex.org/w3213873715,,2021-11-14,d3cde4fb3f0f0914b2aec218448cb1734f7532db1a8791a8d569e62d8a96e1b8,snowball_review,2026-01-02T11:46:40.544424+00:00,3
include,Generative Spoken Language Modeling from Raw Audio,generativespokenlanguagemodelingfromrawaudio,10.48550/arxiv.2102.01192,https://openalex.org/w3129009457,,2021-02-01,d3cde4fb3f0f0914b2aec218448cb1734f7532db1a8791a8d569e62d8a96e1b8,snowball_review,2026-01-02T11:46:40.544424+00:00,3
include,End-to-End Image-to-Speech Generation for Untranscribed Unknown Languages,end-to-endimage-to-speechgenerationforuntranscribedunknownlanguages,10.1109/access.2021.3071541,https://openalex.org/w3155217823,,2021-01-01,d3cde4fb3f0f0914b2aec218448cb1734f7532db1a8791a8d569e62d8a96e1b8,snowball_review,2026-01-02T11:46:40.544424+00:00,3
include,Representation Learning With Hidden Unit Clustering for Low Resource Speech Applications,representationlearningwithhiddenunitclusteringforlowresourcespeechapplications,10.1109/taslp.2023.3337670,https://openalex.org/w4389317789,,2023-12-04,d3cde4fb3f0f0914b2aec218448cb1734f7532db1a8791a8d569e62d8a96e1b8,snowball_review,2026-01-02T11:46:40.544424+00:00,3
include,KaraSinger: Score-Free Singing Voice Synthesis with VQ-VAE Using Mel-Spectrograms,karasinger:score-freesingingvoicesynthesiswithvq-vaeusingmel-spectrograms,10.1109/icassp43922.2022.9747441,https://openalex.org/w3206801991,,2022-04-27,d3cde4fb3f0f0914b2aec218448cb1734f7532db1a8791a8d569e62d8a96e1b8,snowball_review,2026-01-02T11:46:40.544424+00:00,3
include,Vector-Quantized Neural Networks for Acoustic Unit Discovery in the ZeroSpeech 2020 Challenge,vector-quantizedneuralnetworksforacousticunitdiscoveryinthezerospeech2020challenge,10.21437/interspeech.2020-1693,https://openalex.org/w3027324582,,2020-10-25,d3cde4fb3f0f0914b2aec218448cb1734f7532db1a8791a8d569e62d8a96e1b8,snowball_review,2026-01-02T11:46:40.544424+00:00,3
include,Towards Unsupervised Phone and Word Segmentation Using Self-Supervised Vector-Quantized Neural Networks,towardsunsupervisedphoneandwordsegmentationusingself-supervisedvector-quantizedneuralnetworks,10.21437/interspeech.2021-50,https://openalex.org/w3112613336,,2021-08-27,d3cde4fb3f0f0914b2aec218448cb1734f7532db1a8791a8d569e62d8a96e1b8,snowball_review,2026-01-02T11:46:40.544424+00:00,3
include,Proceedings of the 2020 Joint Conference on AI Music Creativity,proceedingsofthe2020jointconferenceonaimusiccreativity,10.30746/978-91-519-5560-5,https://openalex.org/w3213967396,,2021-01-01,d3cde4fb3f0f0914b2aec218448cb1734f7532db1a8791a8d569e62d8a96e1b8,snowball_review,2026-01-02T11:46:40.544424+00:00,3
include,Symbolic Music Loop Generation with VQ-VAE,symbolicmusicloopgenerationwithvq-vae,10.48550/arxiv.2111.07657,https://openalex.org/w3212222439,,2021-11-15,d3cde4fb3f0f0914b2aec218448cb1734f7532db1a8791a8d569e62d8a96e1b8,snowball_review,2026-01-02T11:46:40.544424+00:00,3
include,Unsupervised Cross-Lingual Representation Learning for Speech Recognition,unsupervisedcross-lingualrepresentationlearningforspeechrecognition,10.21437/interspeech.2021-329,https://openalex.org/w3037057938,,2021-08-27,d3cde4fb3f0f0914b2aec218448cb1734f7532db1a8791a8d569e62d8a96e1b8,snowball_review,2026-01-02T11:46:40.544424+00:00,3
include,The Zero Resource Speech Benchmark 2021: Metrics and baselines for\n unsupervised spoken language modeling,thezeroresourcespeechbenchmark2021:metricsandbaselinesfor\nunsupervisedspokenlanguagemodeling,10.48550/arxiv.2011.11588,https://openalex.org/w3110458199,,2020-11-23,d3cde4fb3f0f0914b2aec218448cb1734f7532db1a8791a8d569e62d8a96e1b8,snowball_review,2026-01-02T11:46:40.544424+00:00,3
include,Unsupervised Word Segmentation from Discrete Speech Units in Low-Resource Settings,unsupervisedwordsegmentationfromdiscretespeechunitsinlow-resourcesettings,10.48550/arxiv.2106.04298,https://openalex.org/w3170928308,,2021-06-08,d3cde4fb3f0f0914b2aec218448cb1734f7532db1a8791a8d569e62d8a96e1b8,snowball_review,2026-01-02T11:46:40.544424+00:00,3
include,Prosodic Clustering for Phoneme-Level Prosody Control in End-to-End Speech Synthesis,prosodicclusteringforphoneme-levelprosodycontrolinend-to-endspeechsynthesis,10.1109/icassp39728.2021.9413604,https://openalex.org/w3163003432,,2021-05-13,d3cde4fb3f0f0914b2aec218448cb1734f7532db1a8791a8d569e62d8a96e1b8,snowball_review,2026-01-02T11:46:40.544424+00:00,3
include,Jukebox: A Generative Model for Music,jukebox:agenerativemodelformusic,10.48550/arxiv.2005.00341,https://openalex.org/w3021164770,,2020-04-30,d3cde4fb3f0f0914b2aec218448cb1734f7532db1a8791a8d569e62d8a96e1b8,snowball_review,2026-01-02T11:46:40.544424+00:00,3
include,Robust Training of Vector Quantized Bottleneck Models,robusttrainingofvectorquantizedbottleneckmodels,10.1109/ijcnn48605.2020.9207145,https://openalex.org/w3089425003,,2020-07-01,d3cde4fb3f0f0914b2aec218448cb1734f7532db1a8791a8d569e62d8a96e1b8,snowball_review,2026-01-02T11:46:40.544424+00:00,3
include,Unsupervised End-to-End Learning of Discrete Linguistic Units for Voice Conversion,unsupervisedend-to-endlearningofdiscretelinguisticunitsforvoiceconversion,10.21437/interspeech.2019-2048,https://openalex.org/w2947445680,,2019-09-13,d3cde4fb3f0f0914b2aec218448cb1734f7532db1a8791a8d569e62d8a96e1b8,snowball_review,2026-01-02T11:46:40.544424+00:00,3
include,Feature optimized DPGMM clustering for unsupervised subword modeling: A contribution to zerospeech 2017,featureoptimizeddpgmmclusteringforunsupervisedsubwordmodeling:acontributiontozerospeech2017,10.1109/asru.2017.8269011,https://openalex.org/w2787447541,,2017-12-01,d3cde4fb3f0f0914b2aec218448cb1734f7532db1a8791a8d569e62d8a96e1b8,snowball_review,2026-01-02T11:46:40.544424+00:00,3
include,"VioLA: Unified Codec Language Models for Speech Recognition, Synthesis, and Translation","viola:unifiedcodeclanguagemodelsforspeechrecognition,synthesis,andtranslation",10.48550/arxiv.2305.16107,https://openalex.org/w4378501656,,2023-05-25,d3cde4fb3f0f0914b2aec218448cb1734f7532db1a8791a8d569e62d8a96e1b8,snowball_review,2026-01-02T11:46:40.544424+00:00,3
include,PolyVoice: Language Models for Speech to Speech Translation,polyvoice:languagemodelsforspeechtospeechtranslation,10.48550/arxiv.2306.02982,https://openalex.org/w4379540238,,2023-06-05,d3cde4fb3f0f0914b2aec218448cb1734f7532db1a8791a8d569e62d8a96e1b8,snowball_review,2026-01-02T11:46:40.544424+00:00,3
include,Pre-Training Transformer Decoder for End-to-End ASR Model with Unpaired Speech Data,pre-trainingtransformerdecoderforend-to-endasrmodelwithunpairedspeechdata,10.21437/interspeech.2022-10368,https://openalex.org/w4226278833,,2022-09-16,d3cde4fb3f0f0914b2aec218448cb1734f7532db1a8791a8d569e62d8a96e1b8,snowball_review,2026-01-02T11:46:40.544424+00:00,3
include,TranSpeech: Speech-to-Speech Translation With Bilateral Perturbation,transpeech:speech-to-speechtranslationwithbilateralperturbation,10.48550/arxiv.2205.12523,https://openalex.org/w4281789500,,2022-05-25,d3cde4fb3f0f0914b2aec218448cb1734f7532db1a8791a8d569e62d8a96e1b8,snowball_review,2026-01-02T11:46:40.544424+00:00,3
include,A Multi-Stage Multi-Codebook VQ-VAE Approach to High-Performance Neural TTS,amulti-stagemulti-codebookvq-vaeapproachtohigh-performanceneuraltts,10.21437/interspeech.2022-952,https://openalex.org/w4296068817,,2022-09-16,d3cde4fb3f0f0914b2aec218448cb1734f7532db1a8791a8d569e62d8a96e1b8,snowball_review,2026-01-02T11:46:40.544424+00:00,3
include,NaturalSpeech 3: Zero-Shot Speech Synthesis with Factorized Codec and Diffusion Models,naturalspeech3:zero-shotspeechsynthesiswithfactorizedcodecanddiffusionmodels,10.48550/arxiv.2403.03100,https://openalex.org/w4392538788,,2024-03-05,d3cde4fb3f0f0914b2aec218448cb1734f7532db1a8791a8d569e62d8a96e1b8,snowball_review,2026-01-02T11:46:40.544424+00:00,3
include,Speak Foreign Languages with Your Own Voice: Cross-Lingual Neural Codec Language Modeling,speakforeignlanguageswithyourownvoice:cross-lingualneuralcodeclanguagemodeling,10.48550/arxiv.2303.03926,https://openalex.org/w4323651091,,2023-03-07,d3cde4fb3f0f0914b2aec218448cb1734f7532db1a8791a8d569e62d8a96e1b8,snowball_review,2026-01-02T11:46:40.544424+00:00,3
include,HiFi-Codec: Group-residual Vector quantization for High Fidelity Audio Codec,hifi-codec:group-residualvectorquantizationforhighfidelityaudiocodec,10.48550/arxiv.2305.02765,https://openalex.org/w4372279529,,2023-05-04,d3cde4fb3f0f0914b2aec218448cb1734f7532db1a8791a8d569e62d8a96e1b8,snowball_review,2026-01-02T11:46:40.544424+00:00,3
include,High-Fidelity Audio Compression with Improved RVQGAN,high-fidelityaudiocompressionwithimprovedrvqgan,10.48550/arxiv.2306.06546,https://openalex.org/w4380551955,,2023-06-11,d3cde4fb3f0f0914b2aec218448cb1734f7532db1a8791a8d569e62d8a96e1b8,snowball_review,2026-01-02T11:46:40.544424+00:00,3
include,Unsupervised Quantized Prosody Representation for Controllable Speech Synthesis,unsupervisedquantizedprosodyrepresentationforcontrollablespeechsynthesis,10.1109/icme52920.2022.9859946,https://openalex.org/w4226487411,,2022-07-18,d3cde4fb3f0f0914b2aec218448cb1734f7532db1a8791a8d569e62d8a96e1b8,snowball_review,2026-01-02T11:46:40.544424+00:00,3
include,Improved Prosody from Learned F0 Codebook Representations for VQ-VAE Speech Waveform Reconstruction,improvedprosodyfromlearnedf0codebookrepresentationsforvq-vaespeechwaveformreconstruction,10.21437/interspeech.2020-1615,https://openalex.org/w3094917204,,2020-10-25,d3cde4fb3f0f0914b2aec218448cb1734f7532db1a8791a8d569e62d8a96e1b8,snowball_review,2026-01-02T11:46:40.544424+00:00,3
include,LMCodec: A Low Bitrate Speech Codec with Causal Transformer Models,lmcodec:alowbitratespeechcodecwithcausaltransformermodels,10.1109/icassp49357.2023.10095442,https://openalex.org/w4375869380,,2023-05-05,d3cde4fb3f0f0914b2aec218448cb1734f7532db1a8791a8d569e62d8a96e1b8,snowball_review,2026-01-02T11:46:40.544424+00:00,3
include,An investigation on the use of acoustic sub-word units for automatic speech recognition,aninvestigationontheuseofacousticsub-wordunitsforautomaticspeechrecognition,10.1109/icassp.1987.1169589,https://openalex.org/w1949782964,,2005-03-24,d3cde4fb3f0f0914b2aec218448cb1734f7532db1a8791a8d569e62d8a96e1b8,snowball_review,2026-01-02T11:46:40.544424+00:00,3
include,Simple and Controllable Music Generation,simpleandcontrollablemusicgeneration,10.48550/arxiv.2306.05284,https://openalex.org/w4380136719,,2023-06-08,d3cde4fb3f0f0914b2aec218448cb1734f7532db1a8791a8d569e62d8a96e1b8,snowball_review,2026-01-02T11:46:40.544424+00:00,3
include,Speech Representation Learning Combining Conformer CPC with Deep Cluster for the ZeroSpeech Challenge 2021,speechrepresentationlearningcombiningconformercpcwithdeepclusterforthezerospeechchallenge2021,10.21437/interspeech.2021-1503,https://openalex.org/w3178584664,,2021-08-27,d3cde4fb3f0f0914b2aec218448cb1734f7532db1a8791a8d569e62d8a96e1b8,snowball_review,2026-01-02T12:32:50.711302+00:00,4
include,Promptvc: Flexible Stylistic Voice Conversion in Latent Space Driven by Natural Language Prompts,promptvc:flexiblestylisticvoiceconversioninlatentspacedrivenbynaturallanguageprompts,10.1109/icassp48485.2024.10445804,https://openalex.org/w4392903591,,2024-03-18,d3cde4fb3f0f0914b2aec218448cb1734f7532db1a8791a8d569e62d8a96e1b8,snowball_review,2026-01-02T12:32:50.711302+00:00,4
include,Unsupervised Acoustic Unit Discovery by Leveraging a Language-Independent Subword Discriminative Feature Representation,unsupervisedacousticunitdiscoverybyleveragingalanguage-independentsubworddiscriminativefeaturerepresentation,10.21437/interspeech.2021-1664,https://openalex.org/w3145811386,,2021-08-27,d3cde4fb3f0f0914b2aec218448cb1734f7532db1a8791a8d569e62d8a96e1b8,snowball_review,2026-01-02T12:32:50.711302+00:00,4
include,Iterative training of a DPGMM-HMM acoustic unit recognizer in a zero resource scenario,iterativetrainingofadpgmm-hmmacousticunitrecognizerinazeroresourcescenario,10.1109/slt.2016.7846245,https://openalex.org/w2586754519,,2016-12-01,d3cde4fb3f0f0914b2aec218448cb1734f7532db1a8791a8d569e62d8a96e1b8,snowball_review,2026-01-02T12:32:50.711302+00:00,4
include,Enhanced Direct Speech-to-Speech Translation Using Self-supervised Pre-training and Data Augmentation,enhanceddirectspeech-to-speechtranslationusingself-supervisedpre-traininganddataaugmentation,10.48550/arxiv.2204.02967,https://openalex.org/w4226543485,,2022-04-06,d3cde4fb3f0f0914b2aec218448cb1734f7532db1a8791a8d569e62d8a96e1b8,snowball_review,2026-01-02T12:32:50.711302+00:00,4
include,Virtual Phone Discovery for Speech Synthesis Without Text,virtualphonediscoveryforspeechsynthesiswithouttext,10.1109/globalsip45357.2019.8969412,https://openalex.org/w3003750857,,2019-11-01,d3cde4fb3f0f0914b2aec218448cb1734f7532db1a8791a8d569e62d8a96e1b8,snowball_review,2026-01-02T12:32:50.711302+00:00,4
include,Unsupervised Speech Signal to Symbol Transformation for Zero Resource Speech Applications,unsupervisedspeechsignaltosymboltransformationforzeroresourcespeechapplications,10.21437/interspeech.2017-1476,https://openalex.org/w2747192917,,2017-08-16,d3cde4fb3f0f0914b2aec218448cb1734f7532db1a8791a8d569e62d8a96e1b8,snowball_review,2026-01-02T12:38:35.147600+00:00,5
